{
  "ML ensemble_smart 0.50": {
    "total_return": -0.020592830880467483,
    "annualized_return": -0.005147699631175118,
    "sharpe_ratio": 0.0028225361031534294,
    "max_drawdown": -0.23851955201609748,
    "active_hit_rate": 0.47619047619047616,
    "final_equity": 9794.071691195326
  },
  "ML ensemble_smart 0.52": {
    "total_return": 0.052957125542115735,
    "annualized_return": 0.012881307602813141,
    "sharpe_ratio": 0.1767209920989786,
    "max_drawdown": -0.2555461069365933,
    "active_hit_rate": 0.4768211920529801,
    "final_equity": 10529.571255421157
  },
  "ML ensemble_smart 0.53": {
    "total_return": 0.05437900722494082,
    "annualized_return": 0.013220384171537036,
    "sharpe_ratio": 0.18414385434258906,
    "max_drawdown": -0.21812023071301823,
    "active_hit_rate": 0.4838709677419355,
    "final_equity": 10543.790072249409
  },
  "ML ensemble_smart 0.55": {
    "total_return": -0.09676914292743577,
    "annualized_return": -0.024927963393485464,
    "sharpe_ratio": -0.2559954351660158,
    "max_drawdown": -0.22304705537067251,
    "active_hit_rate": 0.42028985507246375,
    "final_equity": 9032.308570725641
  },
  "ML ensemble_smart 0.57": {
    "total_return": 0.14884442581519375,
    "annualized_return": 0.03501508824061772,
    "sharpe_ratio": 0.5398515044729856,
    "max_drawdown": -0.06461909956245233,
    "active_hit_rate": 0.52,
    "final_equity": 11488.444258151938
  },
  "ML momentum 0.50": {
    "total_return": 0.1969238214142972,
    "annualized_return": 0.04559368929679808,
    "sharpe_ratio": 0.3214307043810294,
    "max_drawdown": -0.2809496057353117,
    "active_hit_rate": 0.522659511031604,
    "final_equity": 11969.238214142972
  },
  "ML momentum 0.52": {
    "total_return": 0.0747768737395309,
    "annualized_return": 0.018047233414179242,
    "sharpe_ratio": 0.18960271962119282,
    "max_drawdown": -0.2734954055252816,
    "active_hit_rate": 0.5208265004919646,
    "final_equity": 10747.768737395309
  },
  "ML momentum 0.53": {
    "total_return": 0.027128939450123957,
    "annualized_return": 0.006661264480071205,
    "sharpe_ratio": 0.1362377253207138,
    "max_drawdown": -0.3074053772098542,
    "active_hit_rate": 0.5182481751824818,
    "final_equity": 10271.28939450124
  },
  "ML momentum 0.55": {
    "total_return": -0.11584753685720839,
    "annualized_return": -0.030077460494064012,
    "sharpe_ratio": -0.037626292124419175,
    "max_drawdown": -0.27244550206354484,
    "active_hit_rate": 0.5104619028819581,
    "final_equity": 8841.524631427916
  },
  "ML momentum 0.57": {
    "total_return": -0.06925751170180561,
    "annualized_return": -0.017644357212967976,
    "sharpe_ratio": 0.023654334798238592,
    "max_drawdown": -0.33359817355295135,
    "active_hit_rate": 0.5121951219512195,
    "final_equity": 9307.424882981944
  },
  "ML mean_reversion 0.50": {
    "total_return": -0.06190096831894498,
    "annualized_return": -0.015724215690522403,
    "sharpe_ratio": 0.055430091015508276,
    "max_drawdown": -0.3979294457928637,
    "active_hit_rate": 0.52046783625731,
    "final_equity": 9380.99031681055
  },
  "ML mean_reversion 0.52": {
    "total_return": 0.11402161436736868,
    "annualized_return": 0.02714343339177372,
    "sharpe_ratio": 0.23103721587888748,
    "max_drawdown": -0.4025169175708025,
    "active_hit_rate": 0.522479886417416,
    "final_equity": 11140.216143673686
  },
  "ML mean_reversion 0.53": {
    "total_return": 0.04092569999779916,
    "annualized_return": 0.009998298142561701,
    "sharpe_ratio": 0.16092270206546228,
    "max_drawdown": -0.42365297438987315,
    "active_hit_rate": 0.5209397344228804,
    "final_equity": 10409.256999977992
  },
  "ML mean_reversion 0.55": {
    "total_return": 0.3568051989016787,
    "annualized_return": 0.07862011108610312,
    "sharpe_ratio": 0.44615245481737825,
    "max_drawdown": -0.3398153179448643,
    "active_hit_rate": 0.5273483947681332,
    "final_equity": 13568.051989016787
  },
  "ML mean_reversion 0.57": {
    "total_return": 0.2704728554210356,
    "annualized_return": 0.06117422141698525,
    "sharpe_ratio": 0.38231509871221947,
    "max_drawdown": -0.29656531849397805,
    "active_hit_rate": 0.5261669024045261,
    "final_equity": 12704.728554210356
  },
  "ML volatility_weighted 0.50": {
    "total_return": -0.07913279511857707,
    "annualized_return": -0.020239943272475802,
    "sharpe_ratio": -0.1542315002635274,
    "max_drawdown": -0.22382712535751975,
    "active_hit_rate": 0.5391566265060241,
    "final_equity": 9208.67204881423
  },
  "ML volatility_weighted 0.52": {
    "total_return": -0.030643527583441244,
    "annualized_return": -0.00768973064099121,
    "sharpe_ratio": -0.020853624144905783,
    "max_drawdown": -0.20619651591495752,
    "active_hit_rate": 0.5394190871369294,
    "final_equity": 9693.564724165588
  },
  "ML volatility_weighted 0.53": {
    "total_return": 0.05129437730901665,
    "annualized_return": 0.01248435449234897,
    "sharpe_ratio": 0.17321835132572877,
    "max_drawdown": -0.20534540546915656,
    "active_hit_rate": 0.5412371134020618,
    "final_equity": 10512.943773090166
  },
  "ML volatility_weighted 0.55": {
    "total_return": 0.09678858073385244,
    "annualized_return": 0.02317930608570129,
    "sharpe_ratio": 0.3675518048530904,
    "max_drawdown": -0.15076156342753944,
    "active_hit_rate": 0.5681818181818182,
    "final_equity": 10967.885807338524
  },
  "ML volatility_weighted 0.57": {
    "total_return": 0.25221070689029257,
    "annualized_return": 0.057370220394996396,
    "sharpe_ratio": 1.4119790814367723,
    "max_drawdown": -0.033710397630250695,
    "active_hit_rate": 0.5862068965517241,
    "final_equity": 12522.107068902926
  },
  "Threshold Only (baseline)": {
    "total_return": 0.08492664575627207,
    "annualized_return": 0.02042339758768108,
    "sharpe_ratio": 0.20426500712355844,
    "max_drawdown": -0.38538040204406104,
    "active_hit_rate": 0.5232078390923156,
    "final_equity": 10849.26645756272
  },
  "Buy & Hold (benchmark)": {
    "total_return": 0.6492178730165215,
    "annualized_return": 0.13211826079680788,
    "sharpe_ratio": 0.6429265150128203,
    "max_drawdown": -0.33808767289598446,
    "active_hit_rate": 0.5269685039370079,
    "final_equity": 16492.178730165215
  },
  "Fixed Income 5.00% (benchmark)": {
    "total_return": 0.21739039925690617,
    "annualized_return": 0.049999999999971845,
    "sharpe_ratio": 0.0,
    "max_drawdown": 0.0,
    "active_hit_rate": 0.0,
    "final_equity": 12173.903992569061
  },
  "Simple Reversal SMA20 (benchmark)": {
    "total_return": -0.042343706710259665,
    "annualized_return": -0.010674038992555146,
    "sharpe_ratio": 0.06844843354911911,
    "max_drawdown": -0.33226731859085845,
    "active_hit_rate": 0.521675596687774,
    "final_equity": 9576.562932897403
  }
}