{
  "ML Threshold 0.50": {
    "total_return": 0.08492664575627207,
    "annualized_return": 0.02042339758768108,
    "sharpe_ratio": 0.20426500712355844,
    "max_drawdown": -0.38538040204406104,
    "active_hit_rate": 0.5232078390923156,
    "final_equity": 10849.26645756272
  },
  "ML Threshold 0.52": {
    "total_return": -0.3397475959231626,
    "annualized_return": -0.09784242634610152,
    "sharpe_ratio": -0.2911942004563403,
    "max_drawdown": -0.4990175214475096,
    "active_hit_rate": 0.5247863247863248,
    "final_equity": 6602.524040768374
  },
  "ML Threshold 0.53": {
    "total_return": -0.2358044370228397,
    "annualized_return": -0.06452746722277658,
    "sharpe_ratio": -0.14434177544799734,
    "max_drawdown": -0.4712717475264663,
    "active_hit_rate": 0.5191326530612245,
    "final_equity": 7641.955629771603
  },
  "ML Threshold 0.55": {
    "total_return": -0.46253743425449767,
    "annualized_return": -0.14272952643540082,
    "sharpe_ratio": -0.5725567539274063,
    "max_drawdown": -0.6130135830872029,
    "active_hit_rate": 0.5103050288540808,
    "final_equity": 5374.625657455023
  },
  "ML Threshold 0.57": {
    "total_return": -0.45420638490941634,
    "annualized_return": -0.13945264668041768,
    "sharpe_ratio": -0.7681403680585626,
    "max_drawdown": -0.5001461018148854,
    "active_hit_rate": 0.49473684210526314,
    "final_equity": 5457.936150905836
  },
  "Buy & Hold": {
    "total_return": 0.6492178730165215,
    "annualized_return": 0.13211826079680788,
    "sharpe_ratio": 0.6429265150128203,
    "max_drawdown": -0.33808767289598446,
    "active_hit_rate": 0.5269685039370079,
    "final_equity": 16492.178730165215
  },
  "Fixed Income 5.00% annual": {
    "total_return": 0.21739039925690617,
    "annualized_return": 0.049999999999971845,
    "sharpe_ratio": 0.0,
    "max_drawdown": 0.0,
    "active_hit_rate": 0.0,
    "final_equity": 12173.903992569061
  },
  "Mean Reversion": {
    "total_return": -0.09587350585882248,
    "annualized_return": -0.024688237482877184,
    "sharpe_ratio": 0.00963203485827206,
    "max_drawdown": -0.3863066514815957,
    "active_hit_rate": 0.520952380952381,
    "final_equity": 9041.264941411775
  },
  "Random Walk (Median)": {
    "total_return": -0.4949882971635491,
    "annualized_return": -0.1558698490089,
    "sharpe_ratio": -0.548984833064542,
    "max_drawdown": -0.5562012487456964,
    "active_hit_rate": 0.5355878883208809,
    "final_equity": 5050.117028364509,
    "_metadata": {
      "n_runs": 50,
      "median_return": -0.4996069898318066,
      "mean_return": -0.49815560314713997,
      "std_return": 0.10670685991903475
    }
  }
}