{
  "ML Threshold 0.50": {
    "total_return": 0.030463551115715193,
    "annualized_return": 0.0074708841484449895,
    "sharpe_ratio": 0.12287460274343136,
    "max_drawdown": -0.15725588335724228,
    "active_hit_rate": 0.5363825363825364,
    "final_equity": 10304.635511157152
  },
  "ML Threshold 0.55": {
    "total_return": 0.04145884557099655,
    "annualized_return": 0.010126581386830313,
    "sharpe_ratio": 0.17270962755711491,
    "max_drawdown": -0.20375637978588218,
    "active_hit_rate": 0.5163398692810458,
    "final_equity": 10414.588455709965
  },
  "ML Threshold 0.60": {
    "total_return": 0.22658323892894838,
    "annualized_return": 0.05196104060409601,
    "sharpe_ratio": 14.756335221261317,
    "max_drawdown": -0.0008063694934560581,
    "active_hit_rate": 1.0,
    "final_equity": 12265.832389289484
  },
  "ML Threshold 0.65": {
    "total_return": 0.21739039925690617,
    "annualized_return": 0.049999999999971845,
    "sharpe_ratio": 0.0,
    "max_drawdown": 0.0,
    "active_hit_rate": 0.0,
    "final_equity": 12173.903992569061
  },
  "ML Threshold 0.70": {
    "total_return": 0.21739039925690617,
    "annualized_return": 0.049999999999971845,
    "sharpe_ratio": 0.0,
    "max_drawdown": 0.0,
    "active_hit_rate": 0.0,
    "final_equity": 12173.903992569061
  },
  "Buy & Hold": {
    "total_return": 0.48150943534900126,
    "annualized_return": 0.10240220468711803,
    "sharpe_ratio": 0.6429776564401191,
    "max_drawdown": -0.2274726313750203,
    "active_hit_rate": 0.5393700787401575,
    "final_equity": 14815.094353490013
  },
  "Fixed Income 5.00% annual": {
    "total_return": 0.21739039925690617,
    "annualized_return": 0.049999999999971845,
    "sharpe_ratio": 0.0,
    "max_drawdown": 0.0,
    "active_hit_rate": 0.0,
    "final_equity": 12173.903992569061
  },
  "Mean Reversion": {
    "total_return": 0.3148595712509987,
    "annualized_return": 0.07025145889229245,
    "sharpe_ratio": 0.5619807412631154,
    "max_drawdown": -0.1702306925164104,
    "active_hit_rate": 0.5317919075144508,
    "final_equity": 13148.595712509987
  },
  "Random Walk (Median)": {
    "total_return": -0.2520884939255307,
    "annualized_return": -0.06951177856533142,
    "sharpe_ratio": -0.5504446397437,
    "max_drawdown": -0.2761981587275971,
    "active_hit_rate": 0.5249500998003992,
    "final_equity": 7479.115060744693,
    "_random_walk_metadata": {
      "n_runs": 50,
      "median_return": -0.2525705253063461,
      "representative_run_idx": 22,
      "mean_return_all_runs": -0.2281097157893351,
      "std_return_all_runs": 0.11864622724875423,
      "min_return": -0.4289448603209053,
      "max_return": 0.14252336171674385
    }
  }
}