{
  "ML ensemble_smart 0.50": {
    "total_return": -0.3235415551453099,
    "annualized_return": -0.09240007415280882,
    "sharpe_ratio": -0.5689782047815768,
    "max_drawdown": -0.3896664983876604,
    "active_hit_rate": 0.4726477024070022,
    "final_equity": 6764.584448546901
  },
  "ML ensemble_smart 0.52": {
    "total_return": -0.25328552248190206,
    "annualized_return": -0.06988137988784293,
    "sharpe_ratio": -0.4946681702761048,
    "max_drawdown": -0.35960035229994286,
    "active_hit_rate": 0.4756756756756757,
    "final_equity": 7467.144775180979
  },
  "ML ensemble_smart 0.53": {
    "total_return": -0.40713233257148285,
    "annualized_return": -0.12161203835247303,
    "sharpe_ratio": -0.9949660935120324,
    "max_drawdown": -0.4187428529947405,
    "active_hit_rate": 0.4599406528189911,
    "final_equity": 5928.676674285171
  },
  "ML ensemble_smart 0.55": {
    "total_return": -0.34682782938635914,
    "annualized_return": -0.10025169551666835,
    "sharpe_ratio": -0.9510456734361952,
    "max_drawdown": -0.36950306867783206,
    "active_hit_rate": 0.4583333333333333,
    "final_equity": 6531.721706136409
  },
  "ML ensemble_smart 0.57": {
    "total_return": -0.27326951215756756,
    "annualized_return": -0.07611858235469349,
    "sharpe_ratio": -0.7992416196143478,
    "max_drawdown": -0.2984983698058575,
    "active_hit_rate": 0.45077720207253885,
    "final_equity": 7267.304878424325
  },
  "ML momentum 0.50": {
    "total_return": -0.5654732627331465,
    "annualized_return": -0.1867638192642751,
    "sharpe_ratio": -1.1640008281087542,
    "max_drawdown": -0.596562535748847,
    "active_hit_rate": 0.5173745173745173,
    "final_equity": 4345.267372668535
  },
  "ML momentum 0.52": {
    "total_return": -0.5722923009393637,
    "annualized_return": -0.18994808053905887,
    "sharpe_ratio": -1.1810764595548628,
    "max_drawdown": -0.6015249393922975,
    "active_hit_rate": 0.5192187824641595,
    "final_equity": 4277.076990606363
  },
  "ML momentum 0.53": {
    "total_return": -0.5563917189644104,
    "annualized_return": -0.18258087656209943,
    "sharpe_ratio": -1.09214333220482,
    "max_drawdown": -0.5903081270215326,
    "active_hit_rate": 0.5222152032006738,
    "final_equity": 4436.082810355896
  },
  "ML momentum 0.55": {
    "total_return": -0.6161681215724142,
    "annualized_return": -0.2114052520377221,
    "sharpe_ratio": -1.293975275075199,
    "max_drawdown": -0.6364518022490674,
    "active_hit_rate": 0.5199738048461034,
    "final_equity": 3838.318784275858
  },
  "ML momentum 0.57": {
    "total_return": -0.5997348836355396,
    "annualized_return": -0.20316258918443397,
    "sharpe_ratio": -1.1710959924600894,
    "max_drawdown": -0.6209411320217688,
    "active_hit_rate": 0.522381276982504,
    "final_equity": 4002.651163644604
  },
  "ML mean_reversion 0.50": {
    "total_return": -0.4305778011413648,
    "annualized_return": -0.13035895972704337,
    "sharpe_ratio": -0.6419405293642464,
    "max_drawdown": -0.5323889661564637,
    "active_hit_rate": 0.522311330454452,
    "final_equity": 5694.221988586352
  },
  "ML mean_reversion 0.52": {
    "total_return": -0.4647758962002496,
    "annualized_return": -0.14361649328949,
    "sharpe_ratio": -0.6992364920354985,
    "max_drawdown": -0.561868932207546,
    "active_hit_rate": 0.521021021021021,
    "final_equity": 5352.241037997504
  },
  "ML mean_reversion 0.53": {
    "total_return": -0.4267820088272539,
    "annualized_return": -0.12892469510512428,
    "sharpe_ratio": -0.5948843382151446,
    "max_drawdown": -0.5341189419723159,
    "active_hit_rate": 0.5241775226319276,
    "final_equity": 5732.17991172746
  },
  "ML mean_reversion 0.55": {
    "total_return": -0.4369051922908883,
    "annualized_return": -0.1327658685067148,
    "sharpe_ratio": -0.5853627534187757,
    "max_drawdown": -0.5553989426033022,
    "active_hit_rate": 0.5218644882268141,
    "final_equity": 5630.948077091117
  },
  "ML mean_reversion 0.57": {
    "total_return": -0.3993767569139607,
    "annualized_return": -0.1187759195550121,
    "sharpe_ratio": -0.48578452804641137,
    "max_drawdown": -0.5175726608078434,
    "active_hit_rate": 0.52071638599305,
    "final_equity": 6006.232430860393
  },
  "ML volatility_weighted 0.50": {
    "total_return": -0.10419848319700231,
    "annualized_return": -0.026923420997949643,
    "sharpe_ratio": -0.17583005181077022,
    "max_drawdown": -0.2029578131867869,
    "active_hit_rate": 0.5490196078431373,
    "final_equity": 8958.015168029977
  },
  "ML volatility_weighted 0.52": {
    "total_return": -0.22055655502927674,
    "annualized_return": -0.0599322052667185,
    "sharpe_ratio": -0.5074501628426237,
    "max_drawdown": -0.2769910879125667,
    "active_hit_rate": 0.5454545454545454,
    "final_equity": 7794.4344497072325
  },
  "ML volatility_weighted 0.53": {
    "total_return": -0.25278842172928473,
    "annualized_return": -0.06972783818755868,
    "sharpe_ratio": -0.6235589005103652,
    "max_drawdown": -0.3139675597990448,
    "active_hit_rate": 0.5362694300518135,
    "final_equity": 7472.115782707153
  },
  "ML volatility_weighted 0.55": {
    "total_return": -0.2582460515205788,
    "annualized_return": -0.07141778663287324,
    "sharpe_ratio": -0.6729949987317164,
    "max_drawdown": -0.32578259484673616,
    "active_hit_rate": 0.5249169435215947,
    "final_equity": 7417.5394847942125
  },
  "ML volatility_weighted 0.57": {
    "total_return": -0.2053879248184829,
    "annualized_return": -0.05542741829498821,
    "sharpe_ratio": -0.5564108836149334,
    "max_drawdown": -0.3134275846206626,
    "active_hit_rate": 0.5148936170212766,
    "final_equity": 7946.120751815171
  },
  "Threshold Only (baseline)": {
    "total_return": -0.5348585552849299,
    "annualized_return": -0.17291409542275782,
    "sharpe_ratio": -0.9677333946772482,
    "max_drawdown": -0.5867201093521088,
    "active_hit_rate": 0.5210682492581602,
    "final_equity": 4651.414447150702
  },
  "Buy & Hold (benchmark)": {
    "total_return": 0.5072634811984025,
    "annualized_return": 0.1071246697595043,
    "sharpe_ratio": 0.7546545352012346,
    "max_drawdown": -0.17069421728037937,
    "active_hit_rate": 0.5235641500694767,
    "final_equity": 15072.634811984024
  },
  "Fixed Income 5.00% (benchmark)": {
    "total_return": 0.21739039925690617,
    "annualized_return": 0.049999999999971845,
    "sharpe_ratio": 0.0,
    "max_drawdown": 0.0,
    "active_hit_rate": 0.0,
    "final_equity": 12173.903992569061
  },
  "Simple Reversal SMA20 (benchmark)": {
    "total_return": -0.2980235191022256,
    "annualized_return": -0.0840259816182245,
    "sharpe_ratio": -0.34346633343104194,
    "max_drawdown": -0.3862043932903475,
    "active_hit_rate": 0.5175,
    "final_equity": 7019.764808977744
  }
}