{
  "ML Model": {
    "total_return": 0.07850516032114885,
    "annualized_return": 0.018922015909094814,
    "sharpe_ratio": 0.2195952683148279,
    "max_drawdown": -0.22202060638847815,
    "active_hit_rate": 0.5295857988165681,
    "final_equity": 10785.051603211488
  },
  "Buy & Hold": {
    "total_return": 0.4924528210935044,
    "annualized_return": 0.10441635350348255,
    "sharpe_ratio": 0.6533065651587009,
    "max_drawdown": -0.22747263137502083,
    "active_hit_rate": 0.5393700787401575,
    "final_equity": 14924.528210935045
  },
  "Fixed Income 5.00% anual": {
    "total_return": 0.21739039925690617,
    "annualized_return": 0.049999999999971845,
    "sharpe_ratio": 0.0,
    "max_drawdown": 0.0,
    "active_hit_rate": 0.0,
    "final_equity": 12173.903992569061
  },
  "Mean Reversion": {
    "total_return": 0.29821895979326274,
    "annualized_return": 0.06687579231873553,
    "sharpe_ratio": 0.5385149259346734,
    "max_drawdown": -0.17023069251641,
    "active_hit_rate": 0.5302593659942363,
    "final_equity": 12982.189597932627
  },
  "Random Walk (Median)": {
    "total_return": -0.21895432992722597,
    "annualized_return": -0.05945327801685529,
    "sharpe_ratio": -0.4763191072458576,
    "max_drawdown": -0.29458498985521353,
    "active_hit_rate": 0.5166340508806262,
    "final_equity": 7810.45670072774,
    "_random_walk_metadata": {
      "n_runs": 50,
      "median_return": -0.218981660609898,
      "representative_run_idx": 6,
      "mean_return_all_runs": -0.22152947637930737,
      "std_return_all_runs": 0.11492118347597863,
      "min_return": -0.46211270447992814,
      "max_return": 0.07126000513345154
    }
  }
}