{
  "Hybrid Ensemble": {
    "accuracy": 0.5084645669291339,
    "precision": 0.5232078390923156,
    "recall": 0.7579379902876354,
    "f1_score": 0.61906941266209,
    "auc": 0.49098802688893894,
    "information_coefficient": -0.00171262550461111,
    "spearman_correlation": -0.010895124065088142
  }
}