{
  "Logistic Regression": {
    "accuracy": 0.455078125,
    "precision": 0.56,
    "recall": 0.19243986254295534,
    "f1_score": 0.2864450127877238,
    "auc": 0.4868840478300758,
    "sharpe_ratio": 0.5482809045931095
  },
  "Support Vector Classifier": {
    "accuracy": 0.453125,
    "precision": 0.5433070866141733,
    "recall": 0.23711340206185566,
    "f1_score": 0.33014354066985646,
    "auc": 0.5489885089642519,
    "sharpe_ratio": 3.8558208263421907
  },
  "Random Forest": {
    "accuracy": 0.501953125,
    "precision": 0.56,
    "recall": 0.5773195876288659,
    "f1_score": 0.5685279187817259,
    "auc": 0.5221268523269735,
    "sharpe_ratio": -0.35465937544002557
  },
  "Hybrid Ensemble": {
    "accuracy": 0.5390625,
    "precision": 0.5878594249201278,
    "recall": 0.6323024054982818,
    "f1_score": 0.609271523178808,
    "auc": 0.5259442397101585,
    "sharpe_ratio": -0.6555112068886836
  }
}