{
  "Logistic Regression": {
    "accuracy": 0.447265625,
    "precision": 0.5377358490566038,
    "recall": 0.1958762886597938,
    "f1_score": 0.2871536523929471,
    "auc": 0.4846760274292111,
    "sharpe_ratio": 0.8556429564249108
  },
  "Support Vector Classifier": {
    "accuracy": 0.455078125,
    "precision": 0.5375,
    "recall": 0.29553264604810997,
    "f1_score": 0.38137472283813745,
    "auc": 0.4524886877828054,
    "sharpe_ratio": 4.032941658073452
  },
  "Random Forest": {
    "accuracy": 0.537109375,
    "precision": 0.5688775510204082,
    "recall": 0.7663230240549829,
    "f1_score": 0.6530014641288433,
    "auc": 0.5164668563698278,
    "sharpe_ratio": 0.059331030327200225
  },
  "Hybrid Ensemble": {
    "accuracy": 0.548828125,
    "precision": 0.5753768844221105,
    "recall": 0.7869415807560137,
    "f1_score": 0.6647314949201741,
    "auc": 0.5051701886147004,
    "sharpe_ratio": 0.32231764405044083
  }
}