{
  "Logistic Regression": {
    "accuracy": 0.515748031496063,
    "precision": 0.5397489539748954,
    "recall": 0.7049180327868853,
    "f1_score": 0.6113744075829384,
    "auc": 0.5054469290085537,
    "sharpe_ratio": 0.6058334082030928
  },
  "Support Vector Classifier": {
    "accuracy": 0.4704724409448819,
    "precision": 0.5189003436426117,
    "recall": 0.2750455373406193,
    "f1_score": 0.3595238095238095,
    "auc": 0.5260138152685631,
    "sharpe_ratio": 0.17608165718004073
  },
  "Random Forest": {
    "accuracy": 0.47244094488188976,
    "precision": 0.5195195195195195,
    "recall": 0.3151183970856102,
    "f1_score": 0.3922902494331066,
    "auc": 0.47742049979912865,
    "sharpe_ratio": 0.2454179613388296
  },
  "Hybrid Ensemble": {
    "accuracy": 0.4940944881889764,
    "precision": 0.5363825363825364,
    "recall": 0.46994535519125685,
    "f1_score": 0.5009708737864078,
    "auc": 0.48193522971491876,
    "sharpe_ratio": 0.3302249557585758
  }
}