{
  "Logistic Regression": {
    "accuracy": 0.5118110236220472,
    "precision": 0.5376955903271693,
    "recall": 0.6885245901639344,
    "f1_score": 0.6038338658146964,
    "auc": 0.5062816177359653,
    "sharpe_ratio": 0.5568123656742404
  },
  "Support Vector Classifier": {
    "accuracy": 0.4675196850393701,
    "precision": 0.5136054421768708,
    "recall": 0.2750455373406193,
    "f1_score": 0.3582443653618031,
    "auc": 0.5244341473498633,
    "sharpe_ratio": 0.1485505368496758
  },
  "Random Forest": {
    "accuracy": 0.4793307086614173,
    "precision": 0.5295857988165681,
    "recall": 0.32604735883424407,
    "f1_score": 0.4036076662908681,
    "auc": 0.4760709563426592,
    "sharpe_ratio": 0.2677471971856591
  },
  "Hybrid Ensemble": {
    "accuracy": 0.48523622047244097,
    "precision": 0.5308056872037915,
    "recall": 0.4080145719489982,
    "f1_score": 0.46138002059732236,
    "auc": 0.4788929063159414,
    "sharpe_ratio": 0.3599479607959344
  }
}