{
  "ticker": "AAPL",
  "algorithm": "gru",
  "test": {
    "mae": 0.016803738639741897,
    "rmse": 0.021904018051281504,
    "r2": -0.4084539911938887
  },
  "random_walk": {
    "mae": 0.011813514253587417,
    "rmse": 0.018462415630259656,
    "r2": -0.0006268098605715089
  },
  "last_adj_close": 255.6300048828125,
  "predicted_next_return": -0.013238325715065002,
  "predicted_next_adj_close": 252.24589161563017,
  "generated_at_utc": "2026-04-05T22:03:47.115502+00:00"
}