{
  "ticker": "AAPL",
  "algorithm": "gru",
  "test": {
    "mae": 0.011784259078753526,
    "rmse": 0.018380507469528497,
    "r2": 5.271953270291618e-05
  },
  "random_walk": {
    "mae": 0.011830028242071279,
    "rmse": 0.018386104008080197,
    "r2": -0.0005563055981356868
  },
  "last_adj_close": 255.6300048828125,
  "predicted_next_return": 0.0011785040842369199,
  "predicted_next_adj_close": 255.93126588762038,
  "generated_at_utc": "2026-04-06T04:28:48.885747+00:00"
}