{
  "ticker": "AAPL",
  "algorithm": "xgboost",
  "test": {
    "mae": 0.014451361557258702,
    "rmse": 0.020121687842116417,
    "r2": -0.19805419401094815
  },
  "random_walk": {
    "mae": 0.011858396731763712,
    "rmse": 0.01838956052084628,
    "r2": -0.0006687795141855357
  },
  "last_close": 255.6300048828125,
  "predicted_next_return": -0.013373316265642643,
  "predicted_next_close": 252.21138421860087,
  "generated_at_utc": "2026-04-05T20:39:56.715203+00:00"
}