{
  "ticker": "AAPL",
  "algorithm": "xgboost",
  "test": {
    "mae": 0.011773627182731145,
    "rmse": 0.01852555495206541,
    "r2": -0.02692077518938718
  },
  "random_walk": {
    "mae": 0.011762432999631338,
    "rmse": 0.01828746930674697,
    "r2": -0.0006949479809368331
  },
  "last_adj_close": 255.6300048828125,
  "predicted_next_return": 0.0012365879956632853,
  "predicted_next_adj_close": 255.94610595703125,
  "generated_at_utc": "2026-04-05T21:32:38.920793+00:00"
}