{
  "Logistic Regression": {
    "mean_ic": 0.006648769677746773,
    "std_ic": 0.039602297771709635,
    "wfv_score": -0.013152379208108043,
    "accuracy": 0.5074230537115269,
    "f1_score": 0.5549132947976878,
    "auc": 0.5069301922153215,
    "elapsed_time": 2.4647927284240723
  },
  "Support Vector Classifier": {
    "mean_ic": -0.008949185540502048,
    "std_ic": 0.0756771382691389,
    "wfv_score": -0.0467877546750715,
    "accuracy": 0.528243814121907,
    "f1_score": 0.6685605257578969,
    "auc": 0.498948085437649,
    "elapsed_time": 33.445210218429565
  },
  "Random Forest": {
    "mean_ic": 0.019494298383981676,
    "std_ic": 0.021745477221104054,
    "wfv_score": 0.00862155977342965,
    "accuracy": 0.5071213035606518,
    "f1_score": 0.5295235900685523,
    "auc": 0.5101901813356922,
    "elapsed_time": 25.02800464630127
  },
  "Hybrid Ensemble": {
    "mean_ic": 0.021571033508496994,
    "std_ic": 0.020242224685670517,
    "wfv_score": 0.011449921165661736,
    "accuracy": 0.5147254073627037,
    "f1_score": 0.5684074928881971,
    "auc": 0.5121022816858231,
    "elapsed_time": 71.41767573356628
  }
}