{
  "Logistic Regression": {
    "mean_ic": 0.01051088667107313,
    "std_ic": 0.04099066360208491,
    "wfv_score": -0.009984445129969327,
    "accuracy": 0.50970330782479,
    "f1_score": 0.5491591836734694,
    "auc": 0.5107182301683779,
    "elapsed_time": 11.736761808395386
  },
  "Support Vector Classifier": {
    "mean_ic": -0.015657968871161325,
    "std_ic": 0.058733017210276524,
    "wfv_score": -0.04502447747629959,
    "accuracy": 0.517586690577227,
    "f1_score": 0.6648327247606829,
    "auc": 0.5035235464094501,
    "elapsed_time": 177.70403599739075
  },
  "Random Forest": {
    "mean_ic": 0.005091332821771926,
    "std_ic": 0.020401625531553058,
    "wfv_score": -0.005109479944004603,
    "accuracy": 0.5027076934003303,
    "f1_score": 0.5189942982757436,
    "auc": 0.5022078059616467,
    "elapsed_time": 136.04242658615112
  },
  "Hybrid Ensemble": {
    "mean_ic": 0.007571215287725094,
    "std_ic": 0.02851907698686616,
    "wfv_score": -0.006688323205707986,
    "accuracy": 0.5078389943360381,
    "f1_score": 0.5559062434913565,
    "auc": 0.5050121089883257,
    "elapsed_time": 309.69077587127686
  }
}