{
  "Logistic Regression": {
    "mean_ic": 0.01726422428892253,
    "std_ic": 0.03871063987679193,
    "wfv_score": -0.0020910956494734345,
    "accuracy": 0.504282267792521,
    "f1_score": 0.5344134141505693,
    "auc": 0.5039340827429811,
    "elapsed_time": 7.131934642791748
  },
  "Support Vector Classifier": {
    "mean_ic": -0.015602599964788291,
    "std_ic": 0.05297647989229651,
    "wfv_score": -0.042090839910936546,
    "accuracy": 0.5155609167671894,
    "f1_score": 0.6076975676467715,
    "auc": 0.5072004934512832,
    "elapsed_time": 13.21095609664917
  },
  "Random Forest": {
    "mean_ic": 0.02560729921498129,
    "std_ic": 0.03683236530308542,
    "wfv_score": 0.007191116563438581,
    "accuracy": 0.5104945717732208,
    "f1_score": 0.5348464007336085,
    "auc": 0.5107666363497175,
    "elapsed_time": 16.318937063217163
  },
  "Hybrid Ensemble": {
    "mean_ic": 0.02532386100316313,
    "std_ic": 0.038158969407903476,
    "wfv_score": 0.006244376299211391,
    "accuracy": 0.5162846803377563,
    "f1_score": 0.5844128925277231,
    "auc": 0.5126261920170077,
    "elapsed_time": 24.076229333877563
  }
}