{
  "Logistic Regression": {
    "mean_ic": -0.007263803564205322,
    "std_ic": 0.035810987465374984,
    "wfv_score": -0.025169297296892816,
    "accuracy": 0.4924607961399276,
    "f1_score": 0.49913695613356346,
    "auc": 0.497104762452661,
    "elapsed_time": 2.290001153945923
  },
  "Support Vector Classifier": {
    "mean_ic": -0.00977424647160818,
    "std_ic": 0.05389426411731268,
    "wfv_score": -0.03672137853026452,
    "accuracy": 0.5266586248492159,
    "f1_score": 0.6485130777499104,
    "auc": 0.5008543102270915,
    "elapsed_time": 6.25237250328064
  },
  "Random Forest": {
    "mean_ic": 0.025787833652201147,
    "std_ic": 0.026623295392644044,
    "wfv_score": 0.012476185955879125,
    "accuracy": 0.5123642943305187,
    "f1_score": 0.5372331291855074,
    "auc": 0.512840940661925,
    "elapsed_time": 11.320176839828491
  },
  "Hybrid Ensemble": {
    "mean_ic": 0.020313456355779896,
    "std_ic": 0.02556388265176115,
    "wfv_score": 0.00753151502989932,
    "accuracy": 0.5145355850422195,
    "f1_score": 0.5766135395297459,
    "auc": 0.5118470529275219,
    "elapsed_time": 17.08333992958069
  }
}