{
  "Logistic Regression": {
    "mean_ic": 0.0017500204014294085,
    "std_ic": 0.02661062284711309,
    "wfv_score": -0.011555291022127136,
    "accuracy": 0.5026431561768254,
    "f1_score": 0.5110649948555186,
    "auc": 0.5031310024895366,
    "elapsed_time": 4.366396903991699
  },
  "Support Vector Classifier": {
    "mean_ic": -0.011876744816806091,
    "std_ic": 0.04882268274262182,
    "wfv_score": -0.036288086188117,
    "accuracy": 0.5175796494713688,
    "f1_score": 0.6512969777789175,
    "auc": 0.5010120478514709,
    "elapsed_time": 29.96565842628479
  },
  "Random Forest": {
    "mean_ic": 0.0020895861049803556,
    "std_ic": 0.019096392586088595,
    "wfv_score": -0.007458610188063942,
    "accuracy": 0.5021109770808203,
    "f1_score": 0.5259513233232557,
    "auc": 0.5008972992209844,
    "elapsed_time": 25.36634659767151
  },
  "Hybrid Ensemble": {
    "mean_ic": 0.0023673753953221896,
    "std_ic": 0.017968101851014124,
    "wfv_score": -0.006616675530184872,
    "accuracy": 0.5072376357056695,
    "f1_score": 0.5651397977394408,
    "auc": 0.502171833043568,
    "elapsed_time": 60.58251619338989
  }
}