{
  "Logistic Regression": {
    "mean_ic": 0.006074126067903896,
    "std_ic": 0.03933568886352035,
    "wfv_score": -0.01359371836385628,
    "accuracy": 0.5073951101720495,
    "f1_score": 0.5549738219895288,
    "auc": 0.5068104479971741,
    "elapsed_time": 3.954684019088745
  },
  "Support Vector Classifier": {
    "mean_ic": -0.009216490798607785,
    "std_ic": 0.07591137511613581,
    "wfv_score": -0.04717217835667569,
    "accuracy": 0.5282825233926954,
    "f1_score": 0.6686174724342663,
    "auc": 0.49862543230056766,
    "elapsed_time": 43.600337982177734
  },
  "Random Forest": {
    "mean_ic": 0.019012683654956817,
    "std_ic": 0.02324607901648973,
    "wfv_score": 0.007389644146711952,
    "accuracy": 0.5070932689405373,
    "f1_score": 0.5295846056346143,
    "auc": 0.5101241361565994,
    "elapsed_time": 35.140339374542236
  },
  "Hybrid Ensemble": {
    "mean_ic": 0.020945530820400602,
    "std_ic": 0.021830838002046556,
    "wfv_score": 0.010030111819377324,
    "accuracy": 0.5146996679746454,
    "f1_score": 0.5684685168286006,
    "auc": 0.5120350410583959,
    "elapsed_time": 86.51324391365051
  }
}