{
  "Logistic Regression": {
    "mean_ic": 0.017372929615093635,
    "std_ic": 0.03867136526687872,
    "wfv_score": -0.0019627530183457254,
    "accuracy": 0.5043425814234017,
    "f1_score": 0.5344964314036479,
    "auc": 0.5039250205452446,
    "elapsed_time": 9.256325006484985
  },
  "Support Vector Classifier": {
    "mean_ic": 0.027865395431694594,
    "std_ic": 0.029694860846474568,
    "wfv_score": 0.01301796500845731,
    "accuracy": 0.5124246079613993,
    "f1_score": 0.6278427400791824,
    "auc": 0.496584026487927,
    "elapsed_time": 13.575268268585205
  },
  "Random Forest": {
    "mean_ic": 0.022930491328938728,
    "std_ic": 0.03363264561734723,
    "wfv_score": 0.006114168520265112,
    "accuracy": 0.5042219541616405,
    "f1_score": 0.5251299826689775,
    "auc": 0.5090904805632301,
    "elapsed_time": 15.116103410720825
  },
  "Hybrid Ensemble": {
    "mean_ic": 0.027742616751993538,
    "std_ic": 0.03996634845146905,
    "wfv_score": 0.007759442526259014,
    "accuracy": 0.5159227985524728,
    "f1_score": 0.5730851063829787,
    "auc": 0.5102466927545901,
    "elapsed_time": 19.996469736099243
  }
}