{
  "Logistic Regression": {
    "mean_ic": 0.017529166029303784,
    "std_ic": 0.03895304040404323,
    "wfv_score": -0.0019473541727178315,
    "accuracy": 0.50416164053076,
    "f1_score": 0.534194571930421,
    "auc": 0.5039580683340866,
    "elapsed_time": 9.978862285614014
  },
  "Support Vector Classifier": {
    "mean_ic": 0.021691890155041044,
    "std_ic": 0.04390118888441948,
    "wfv_score": -0.00025870428716869703,
    "accuracy": 0.5138118214716526,
    "f1_score": 0.5949856805506708,
    "auc": 0.5123818050070835,
    "elapsed_time": 14.163447618484497
  },
  "Random Forest": {
    "mean_ic": 0.011306461461088246,
    "std_ic": 0.03906959180376701,
    "wfv_score": -0.00822833444079526,
    "accuracy": 0.5039806996381182,
    "f1_score": 0.5261581009449182,
    "auc": 0.5051392088774458,
    "elapsed_time": 15.197601079940796
  },
  "Hybrid Ensemble": {
    "mean_ic": 0.01900346097236003,
    "std_ic": 0.043286046018128584,
    "wfv_score": -0.0026395620367042627,
    "accuracy": 0.5147165259348613,
    "f1_score": 0.5775047258979206,
    "auc": 0.5087258659605949,
    "elapsed_time": 21.658913612365723
  }
}