{
  "Logistic Regression": {
    "mean_ic": 0.01700573588366715,
    "std_ic": 0.03978794239628776,
    "wfv_score": -0.002888235314476729,
    "accuracy": 0.5040699427193247,
    "f1_score": 0.5341263098272444,
    "auc": 0.5036763555487384,
    "elapsed_time": 5.57815957069397
  },
  "Support Vector Classifier": {
    "mean_ic": 0.007966762805416513,
    "std_ic": 0.03414690794425127,
    "wfv_score": -0.009106691166709122,
    "accuracy": 0.5205908953873982,
    "f1_score": 0.6301000232612235,
    "auc": 0.5062011474733309,
    "elapsed_time": 20.732027769088745
  },
  "Random Forest": {
    "mean_ic": 0.014867268933617736,
    "std_ic": 0.03775340588187426,
    "wfv_score": -0.004009434007319393,
    "accuracy": 0.5029846246608382,
    "f1_score": 0.5223941132162929,
    "auc": 0.5051813862441978,
    "elapsed_time": 13.05840802192688
  },
  "Hybrid Ensemble": {
    "mean_ic": 0.019095021891177486,
    "std_ic": 0.03847388153082258,
    "wfv_score": -0.0001419188742338047,
    "accuracy": 0.5125113053964425,
    "f1_score": 0.578620941262313,
    "auc": 0.5074530693633386,
    "elapsed_time": 24.891408920288086
  }
}