{
  "Logistic Regression": {
    "mean_ic": 0.017469492581935777,
    "std_ic": 0.03845269299172438,
    "wfv_score": -0.001756853913926413,
    "accuracy": 0.5041930618401207,
    "f1_score": 0.5343909348441926,
    "auc": 0.5039615045530254,
    "elapsed_time": 5.9767537117004395
  },
  "Support Vector Classifier": {
    "mean_ic": 0.019092262714127308,
    "std_ic": 0.07973801799941475,
    "wfv_score": -0.02077674628558007,
    "accuracy": 0.5084162895927602,
    "f1_score": 0.5904292751583392,
    "auc": 0.5129331373238801,
    "elapsed_time": 9.471511125564575
  },
  "Random Forest": {
    "mean_ic": 0.01575445655514719,
    "std_ic": 0.036291662040409935,
    "wfv_score": -0.0023913744650577787,
    "accuracy": 0.5085972850678733,
    "f1_score": 0.5334249871111875,
    "auc": 0.5080904355535852,
    "elapsed_time": 13.149973154067993
  },
  "Hybrid Ensemble": {
    "mean_ic": 0.019758803991859666,
    "std_ic": 0.03971393028182423,
    "wfv_score": -9.816114905245032e-05,
    "accuracy": 0.5158371040723982,
    "f1_score": 0.5793363736436546,
    "auc": 0.5109905342339847,
    "elapsed_time": 21.32386326789856
  }
}