{
  "Logistic Regression": {
    "mean_ic": 0.0168289075349166,
    "std_ic": 0.039610054632607014,
    "wfv_score": -0.002976119781386906,
    "accuracy": 0.5040699427193247,
    "f1_score": 0.534337315291853,
    "auc": 0.5037347152681151,
    "elapsed_time": 5.658809661865234
  },
  "Support Vector Classifier": {
    "mean_ic": 0.008902257340673177,
    "std_ic": 0.03716039875731218,
    "wfv_score": -0.009677942037982914,
    "accuracy": 0.5100994874886946,
    "f1_score": 0.5854380325526812,
    "auc": 0.5133621552923647,
    "elapsed_time": 21.263330698013306
  },
  "Random Forest": {
    "mean_ic": 0.021539101404675357,
    "std_ic": 0.034982271851099124,
    "wfv_score": 0.004047965479125795,
    "accuracy": 0.5028640337654507,
    "f1_score": 0.5225548671029011,
    "auc": 0.5068824880669347,
    "elapsed_time": 13.930370569229126
  },
  "Hybrid Ensemble": {
    "mean_ic": 0.024346320816758988,
    "std_ic": 0.03870396523803626,
    "wfv_score": 0.004994338197740859,
    "accuracy": 0.5117274645764245,
    "f1_score": 0.5754875235898511,
    "auc": 0.5104100299833101,
    "elapsed_time": 25.266990423202515
  }
}