{
  "Logistic Regression": {
    "mean_ic": 0.010310166341620628,
    "std_ic": 0.03070137349815353,
    "wfv_score": -0.005040520407456136,
    "accuracy": 0.5054387365806051,
    "f1_score": 0.5452528186134543,
    "auc": 0.5057924938375419,
    "elapsed_time": 9.500884056091309
  },
  "Support Vector Classifier": {
    "mean_ic": 0.013145878675764246,
    "std_ic": 0.03119553903624754,
    "wfv_score": -0.002451890842359524,
    "accuracy": 0.5087747316121018,
    "f1_score": 0.6174531886961929,
    "auc": 0.506553882801835,
    "elapsed_time": 53.56226706504822
  },
  "Random Forest": {
    "mean_ic": 0.0077191247570292405,
    "std_ic": 0.018872682301342505,
    "wfv_score": -0.001717216393642012,
    "accuracy": 0.5028657616892911,
    "f1_score": 0.5338435940099834,
    "auc": 0.5036221954905452,
    "elapsed_time": 29.935311555862427
  },
  "Hybrid Ensemble": {
    "mean_ic": 0.009111219773269756,
    "std_ic": 0.019470946649021992,
    "wfv_score": -0.0006242535512412401,
    "accuracy": 0.5097684322597817,
    "f1_score": 0.5740846373236722,
    "auc": 0.5060544114292789,
    "elapsed_time": 88.5875072479248
  }
}