{
  "Logistic Regression": {
    "mean_ic": 0.017063515325443764,
    "std_ic": 0.039670172602489194,
    "wfv_score": -0.0027715709758008335,
    "accuracy": 0.504009647271631,
    "f1_score": 0.5340960579972813,
    "auc": 0.5037262133014875,
    "elapsed_time": 8.856615781784058
  },
  "Support Vector Classifier": {
    "mean_ic": -0.0034414029958168635,
    "std_ic": 0.04240276629116041,
    "wfv_score": -0.024642786141397068,
    "accuracy": 0.5155863732288212,
    "f1_score": 0.6166984732824428,
    "auc": 0.5070710651927003,
    "elapsed_time": 12.956750869750977
  },
  "Random Forest": {
    "mean_ic": 0.020180414612359785,
    "std_ic": 0.043271222969971705,
    "wfv_score": -0.0014551968726260675,
    "accuracy": 0.5067832378655411,
    "f1_score": 0.5286389305059352,
    "auc": 0.5083154857771008,
    "elapsed_time": 14.581447124481201
  },
  "Hybrid Ensemble": {
    "mean_ic": 0.023175946865021977,
    "std_ic": 0.04627524076839531,
    "wfv_score": 3.832648082432305e-05,
    "accuracy": 0.5160687368103708,
    "f1_score": 0.5793941934807673,
    "auc": 0.5099418813157597,
    "elapsed_time": 22.498920440673828
  }
}