{
  "Logistic Regression": {
    "mean_ic": 0.006648769677746773,
    "std_ic": 0.039602297771709635,
    "wfv_score": -0.013152379208108043,
    "accuracy": 0.5074230537115269,
    "f1_score": 0.5549132947976878,
    "auc": 0.5069301922153215,
    "elapsed_time": 1.7440745830535889
  },
  "Support Vector Classifier": {
    "mean_ic": -0.009038932541775844,
    "std_ic": 0.07565516337629179,
    "wfv_score": -0.04686651422992174,
    "accuracy": 0.528243814121907,
    "f1_score": 0.6685605257578969,
    "auc": 0.4984606897480163,
    "elapsed_time": 33.74312353134155
  },
  "Random Forest": {
    "mean_ic": 0.019494298383981676,
    "std_ic": 0.021745477221104054,
    "wfv_score": 0.00862155977342965,
    "accuracy": 0.5071213035606518,
    "f1_score": 0.5295235900685523,
    "auc": 0.5101901813356922,
    "elapsed_time": 24.398053407669067
  },
  "Hybrid Ensemble": {
    "mean_ic": 0.021571033508496994,
    "std_ic": 0.020242224685670517,
    "wfv_score": 0.011449921165661736,
    "accuracy": 0.5147254073627037,
    "f1_score": 0.5684074928881971,
    "auc": 0.5121022816858231,
    "elapsed_time": 70.13712191581726
  }
}