{
  "Logistic Regression": {
    "mean_ic": 0.01051088667107313,
    "std_ic": 0.04099066360208491,
    "wfv_score": -0.009984445129969327,
    "elapsed_time": 12.588367223739624
  },
  "Support Vector Classifier": {
    "mean_ic": -0.015657968871161325,
    "std_ic": 0.058733017210276524,
    "wfv_score": -0.04502447747629959,
    "elapsed_time": 174.7386975288391
  },
  "Random Forest": {
    "mean_ic": 0.005091332821771926,
    "std_ic": 0.020401625531553058,
    "wfv_score": -0.005109479944004603,
    "elapsed_time": 128.82718563079834
  },
  "Hybrid Ensemble": {
    "mean_ic": 0.007571215287725094,
    "std_ic": 0.02851907698686616,
    "wfv_score": -0.006688323205707986,
    "elapsed_time": 308.27329301834106
  }
}